Resolution,Iterations,Processes,Runtime_sec,norm2,normInf
125,100,4,0.000573692,4701.07,145.955
125,100,4,0.09193,4701.07,145.955
